"pond","success","years","cat.rate"
2,5,7,0.285714285714286
3,5,7,0.285714285714286
4,6,7,0.142857142857143
5,4,7,0.428571428571429
6,0,7,1
7,1,4,0.75
8,0,1,1
9,2,4,0.5
10,2,3,0.333333333333333
11,2,3,0.333333333333333
12,5,7,0.285714285714286
13,1,3,0.666666666666667
14,0,1,1
